<?xml version="1.0" encoding="UTF-8"?>

<beans xmlns = "http://www.springframework.org/schema/beans"
   xmlns:context = "http://www.springframework.org/schema/context"
   xmlns:xsi = "http://www.w3.org/2001/XMLSchema-instance"
   xsi:schemaLocation = "
   http://www.springframework.org/schema/beans     
   http://www.springframework.org/schema/beans/spring-beans-3.0.xsd
   http://www.springframework.org/schema/context 
   http://www.springframework.org/schema/context/spring-context-3.0.xsd">
   
   <bean id="customer" class="com.main.DemoProject.Customer">
 	<property name="id" value="101"></property>
	<property name="name" value="Rehan"></property>
	<property name="address" value="Bally"></property>
  </bean>

<bean id="product" class="com.main.DemoProject.Product">
 	<property name="pId" value="1"></property>
	<property name="pName" value="Samsung"></property>
	<property name="pQuantity" value="27"></property>
  </bean>
   
</beans>


